ticker,name_ar
1010.SR,بنك الرياض
1020.SR,بنك الجزيرة
1030.SR,البنك السعودي للاستثمار
1050.SR,البنك السعودي الفرنسي
1060.SR,البنك السعودي الأول
1080.SR,البنك العربي الوطني
1120.SR,مصرف الراجحي
1140.SR,بنك البلاد
1150.SR,مصرف الإنماء
1180.SR,البنك الأهلي السعودي
1201.SR,شركة تكوين المتطورة للصناعات
1202.SR,شركة الشرق الأوسط لصناعة وإنتاج الورق
1210.SR,شركة الصناعات الكيميائية الأساسية
1211.SR,شركة التعدين العربية السعودية
1212.SR,مجموعة أسترا الصناعية
1213.SR,شركة نسيج العالمية التجارية
1214.SR,شركة الحسن غازي إبراهيم شاكر
1301.SR,شركة اتحاد مصانع الأسلاك
1302.SR,شركة بوان
1303.SR,شركة الصناعات الكهربائية
1304.SR,شركة اليمامة للصناعات الحديدية
1320.SR,الشركة السعودية لأنابيب الصلب
1810.SR,مجموعة سيرا القابضة
1820.SR,مجموعة عبد المحسن الحكير للسياحة والتنمية
1830.SR,شركة لجام للرياضة
1831.SR,شركة مهارة للموارد البشرية
2001.SR,شركة كيمائيات الميثانول
2010.SR,الشركة السعودية للصناعات الأساسية
2020.SR,شركة سابك للمغذيات الزراعية
2030.SR,شركة المصافي العربية السعودية
2040.SR,شركة الخزف السعودي
2050.SR,مجموعة صافولا
2060.SR,شركة التصنيع الوطنية
2070.SR,الشركة السعودية للصناعات الدوائية والمستلزمات الطبية
2080.SR,شركة الغاز والتصنيع الأهلية
2090.SR,شركة الجبس الأهلية
2100.SR,شركة وفرة للصناعة والتنمية
2110.SR,شركة الكابلات السعودية
2120.SR,الشركة السعودية للصناعات المتطورة
2130.SR,الشركة السعودية للتنمية الصناعية
2140.SR,شركة أيان للاستثمار
2150.SR,شركة الصناعات الزجاجية الوطنية
2160.SR,شركة أميانتيت العربية السعودية
2170.SR,شركة اللجين القابضة
2180.SR,شركة تصنيع مواد التعبئة والتغليف
2190.SR,الشركة السعودية للخدمات الصناعية
2200.SR,الشركة العربية للأنابيب
2210.SR,شركة نماء للكيماويات
2220.SR,الشركة الوطنية لتصنيع وسبك المعادن
2222.SR,أرامكو السعودية
2230.SR,الشركة الكيميائية السعودية القابضة
2240.SR,شركة الزامل للاستثمار الصناعي
2250.SR,المجموعة السعودية للاستثمار الصناعي
2270.SR,الشركة السعودية لمنتجات الألبان والأغذية
2280.SR,شركة المراعي
2290.SR,شركة ينبع الوطنية للبتروكيماويات
2300.SR,الشركة السعودية لصناعة الورق
2310.SR,شركة الصحراء العالمية للبتروكيماويات
2320.SR,شركة البابطين للطاقة والإتصالات
2330.SR,الشركة المتقدمة للبتروكيماويات
2340.SR,شركة العبد اللطيف للاستثمار الصناعي
2350.SR,شركة كيان السعودية للبتروكيماويات
2360.SR,الشركة السعودية لإنتاج الأنابيب الفخارية
2370.SR,شركة الشرق الأوسط للكابلات المتخصصة
2380.SR,شركة رابغ للتكرير والبتروكيماويات
3002.SR,شركة أسمنت نجران
3003.SR,شركة أسمنت المدينة
3004.SR,شركة أسمنت المنطقة الشمالية
3005.SR,شركة إسمنت أم القرى
3007.SR,شركة زهرة الواحة للتجارة
3008.SR,شركة الكثيري القابضة
3010.SR,شركة الأسمنت العربية
3020.SR,شركة أسمنت اليمامة
3030.SR,شركة الأسمنت السعودية
3040.SR,شركة أسمنت القصيم
3050.SR,شركة أسمنت المنطقة الجنوبية
3060.SR,شركة أسمنت ينبع
3080.SR,شركة أسمنت المنطقة الشرقية
3090.SR,شركة أسمنت تبوك
3091.SR,شركة أسمنت الجوف
4001.SR,شركة أسواق عبدالله العثيم
4002.SR,شركة المواساة للخدمات الطبية
4003.SR,الشركة المتحدة للإلكترونيات
4004.SR,شركة دله للخدمات الصحية
4005.SR,الشركة الوطنية للرعاية الطبية
4006.SR,الشركة السعودية للتسويق
4007.SR,شركة الحمادي للتنمية والإستثمار
4008.SR,الشركة السعودية للعدد والأدوات
4009.SR,شركة الشرق الأوسط للرعاية الصحية
4011.SR,شركة لازوردي للمجوهرات
4012.SR,شركة ثوب الأصيل
4020.SR,الشركة العقارية السعودية
4030.SR,الشركة الوطنية السعودية للنقل البحري
4031.SR,الشركة السعودية للخدمات الأرضية
4040.SR,الشركة السعودية للنقل الجماعي
4050.SR,الشركة السعودية لخدمات السيارات والمعدات
4051.SR,شركة باعظيم التجارية
4061.SR,مجموعة أنعام الدولية القابضة
4070.SR,شركة تهامة للإعلان والعلاقات العامة
4080.SR,شركة سناد القابضة
4090.SR,شركة طيبة للإستثمار
4100.SR,شركة مكة للإنشاء والتعمير
4110.SR,شركة باتك للاستثمار والأعمال اللوجستية
4130.SR,شركة الباحة للإستثمار والتنمية
4140.SR,الشركة السعودية للصادرات الصناعية
4150.SR,شركة الرياض للتعمير
4160.SR,شركة ثمار التنمية القابضة
4170.SR,شركة المشروعات السياحية
4180.SR,مجموعة فتيحي القابضة
4190.SR,شركة جرير للتسويق
4191.SR,شركة عبد الله سعد محمد أبو معطي للمكتبات
4200.SR,شركة الدريس للخدمات البترولية والنقليات
4210.SR,المجموعة السعودية للأبحاث والتسويق
4220.SR,إعمار المدينة الاقتصادية
4230.SR,شركة البحر الأحمر العالمية
4240.SR,شركة فواز عبد العزيز الحكير وشركاه
4250.SR,شركة جبل عمر للتطوير
4260.SR,الشركة المتحدة الدولية للمواصلات
4270.SR,الشركة السعودية للطباعة والتغليف
4280.SR,شركة المملكة القابضة
4290.SR,شركة الخليج للتدريب والتعليم
4291.SR,الشركة الوطنية للتربية والتعليم
4292.SR,شركة عطاء التعليمية
4300.SR,شركة دار الأركان للتطوير العقاري
4310.SR,مدينة المعرفة الاقتصادية
4320.SR,شركة الأندلس العقارية
4321.SR,شركة المراكز العربية
4330.SR,صندوق الرياض ريت
4331.SR,صندوق بنك الجزيرة موطن ريت
4332.SR,صندوق جدوى ريت الحرمين
4333.SR,صندوق تعليم ريت
4334.SR,صندوق المعذر ريت
4335.SR,صندوق مشاركة ريت
4336.SR,صندوق ملكية عقارات الخليج ريت
4337.SR,صندوق المشاعر ريت
4338.SR,صندوق الأهلي ريت 1
4339.SR,صندوق دراية ريت
4340.SR,صندوق الراجحي ريت
4342.SR,صندوق جدوى ريت السعودية
4344.SR,صندوق سدكو كابيتال ريت
4345.SR,صندوق سويكورب وابل ريت
4346.SR,صندوق ميفك ريت
4347.SR,صندوق بنيان ريت
4348.SR,صندوق الخبير ريت
5110.SR,الشركة السعودية للكهرباء
6001.SR,شركة حلواني إخوان
6002.SR,شركة هرفي للخدمات الغذائية
6004.SR,شركة الخطوط السعودية للتموين
6010.SR,الشركة الوطنية للتنمية الزراعية
6012.SR,شركة ريدان الغذائية
6020.SR,شركة القصيم القابضة للاستثمار
6040.SR,شركة تبوك للتنمية الزراعية
6050.SR,الشركة السعودية للأسماك
6060.SR,شركة الشرقية للتنمية
6070.SR,شركة الجوف الزراعية
6090.SR,شركة جازان للطاقة والتنمية
7010.SR,شركة الإتصالات السعودية
7020.SR,شركة اتحاد إتصالات
7030.SR,شركة الاتصالات المتنقلة السعودية
7040.SR,شركة اتحاد عذيب للإتصالات
7200.SR,شركة المعمر لأنظمة المعلومات
7201.SR,شركة بحر العرب لأنظمة المعلومات
8010.SR,الشركة التعاونية للتأمين
8012.SR,شركة الجزيرة تكافل تعاوني
8020.SR,شركة ملاذ للتأمين التعاوني
8030.SR,شركة المتوسط والخليج للتأمين وإعادة التأمين التعاوني
8040.SR,شركة أليانز السعودي الفرنسي للتأمين التعاوني
8050.SR,شركة سلامة للتأمين التعاوني
8060.SR,شركة ولاء للتأمين التعاوني
8070.SR,شركة الدرع العربي للتأمين التعاوني
8100.SR,الشركة العربية السعودية للتأمين التعاوني
8120.SR,شركة اتحاد الخليج للتأمين التعاوني
8150.SR,المجموعة المتحدة للتأمين التعاوني
8160.SR,شركة التأمين العربية التعاونية
8170.SR,شركة الاتحاد للتأمين التعاوني
8180.SR,شركة الصقر للتأمين التعاوني
8190.SR,الشركة المتحدة للتأمين التعاوني
8200.SR,الشركة السعودية لإعادة التأمين التعاوني
8210.SR,شركة بوبا العربية للتأمين التعاوني
8230.SR,شركة الراجحي للتأمين التعاوني
8240.SR,شركة تشب العربية للتأمين التعاوني
8250.SR,شركة أكسا للتأمين التعاوني
8260.SR,الشركة الخليجية العامة للتأمين التعاوني
8280.SR,الشركة العالمية للتأمين التعاوني
8300.SR,الشركة الوطنية للتأمين
8310.SR,شركة أمانة للتأمين التعاوني
8311.SR,شركة عناية السعودية للتأمين التعاوني
