ticker,name_en,name_ar
1010.SR,Riyad Bank,بنك الرياض
1020.SR,Bank Aljazira,بنك الجزيرة
1030.SR,Saudi Investment Bank,البنك السعودي للاستثمار
1050.SR,Banque Saudi Fransi,البنك السعودي الفرنسي
1060.SR,Saudi Awwal Bank,البنك السعودي الأول
1080.SR,Arab National Bank,البنك العربي الوطني
1120.SR,Al Rajhi Bank,مصرف الراجحي
1140.SR,Bank Albilad,بنك البلاد
1150.SR,Alinma Bank,مصرف الإنماء
1180.SR,Saudi National Bank,البنك الأهلي السعودي
1201.SR,Takween Advanced Industries Co.,شركة تكوين المتطورة للصناعات
1202.SR,Middle East Paper Co.,شركة الشرق الأوسط لصناعة وإنتاج الورق
1210.SR,Basic Chemical Industries Co.,شركة الصناعات الكيميائية الأساسية
1211.SR,Saudi Arabian Mining Co.,شركة التعدين العربية السعودية
1212.SR,Astra Industrial Group,مجموعة أسترا الصناعية
1213.SR,Naseej International Trading Co.,شركة نسيج العالمية التجارية
1214.SR,Al Hassan Ghazi Ibrahim Shaker Co.,شركة الحسن غازي إبراهيم شاكر
1301.SR,United Wire Factories Co.,شركة اتحاد مصانع الأسلاك
1302.SR,Bawan Co.,شركة بوان
1303.SR,Electrical Industries Co.,شركة الصناعات الكهربائية
1304.SR,Al Yamamah Steel Industries Co.,شركة اليمامة للصناعات الحديدية
1320.SR,Saudi Steel Pipe Co.,الشركة السعودية لأنابيب الصلب
1810.SR,Seera Group Holding,مجموعة سيرا القابضة
1820.SR,Abdulmohsen Alhokair Group for Tourism and Development,مجموعة عبد المحسن الحكير للسياحة والتنمية
1830.SR,Leejam Sports Co.,شركة لجام للرياضة
1831.SR,Maharah Human Resources Co.,شركة مهارة للموارد البشرية
2001.SR,Methanol Chemicals Co.,شركة كيمائيات الميثانول
2010.SR,Saudi Basic Industries Corp.,الشركة السعودية للصناعات الأساسية
2020.SR,SABIC Agri-Nutrients Co.,شركة سابك للمغذيات الزراعية
2030.SR,Saudi Arabia Refineries Co.,شركة المصافي العربية السعودية
2040.SR,Saudi Ceramic Co.,شركة الخزف السعودي
2050.SR,Savola Group,مجموعة صافولا
2060.SR,National Industrialization Co.,شركة التصنيع الوطنية
2070.SR,Saudi Pharmaceutical Industries and Medical Appliances Corp.,الشركة السعودية للصناعات الدوائية والمستلزمات الطبية
2080.SR,National Gas and Industrialization Co.,شركة الغاز والتصنيع الأهلية
2090.SR,National Gypsum Co.,شركة الجبس الأهلية
2100.SR,Wafrah for Industry and Development Co.,شركة وفرة للصناعة والتنمية
2110.SR,Saudi Cable Co.,شركة الكابلات السعودية
2120.SR,Saudi Advanced Industries Co.,الشركة السعودية للصناعات المتطورة
2130.SR,Saudi Industrial Development Co.,الشركة السعودية للتنمية الصناعية
2140.SR,Ayyan Investment Co.,شركة أيان للاستثمار
2150.SR,The National Company for Glass Industries,شركة الصناعات الزجاجية الوطنية
2160.SR,Saudi Arabian Amiantit Co.,شركة أميانتيت العربية السعودية
2170.SR,Alujain Holding Corp.,شركة اللجين القابضة
2180.SR,Filing and Packing Materials Manufacturing Co.,شركة تصنيع مواد التعبئة والتغليف
2190.SR,Saudi Industrial Services Co.,الشركة السعودية للخدمات الصناعية
2200.SR,Arabian Pipes Co.,الشركة العربية للأنابيب
2210.SR,Nama Chemicals Co.,شركة نماء للكيماويات
2220.SR,National Metal Manufacturing and Casting Co.,الشركة الوطنية لتصنيع وسبك المعادن
2222.SR,Saudi Aramco,أرامكو السعودية
2230.SR,Saudi Chemical Co.,الشركة الكيميائية السعودية القابضة
2240.SR,Zamil Industrial Investment Co.,شركة الزامل للاستثمار الصناعي
2250.SR,Saudi Industrial Investment Group,المجموعة السعودية للاستثمار الصناعي
2270.SR,Saudia Dairy and Foodstuff Co.,الشركة السعودية لمنتجات الألبان والأغذية
2280.SR,Almarai Co.,شركة المراعي
2290.SR,Yanbu National Petrochemical Co.,شركة ينبع الوطنية للبتروكيماويات
2300.SR,Saudi Paper Manufacturing Co.,الشركة السعودية لصناعة الورق
2310.SR,Sahara International Petrochemical Co.,شركة الصحراء العالمية للبتروكيماويات
2320.SR,Al-Babtain Power and Telecommunication Co.,شركة البابطين للطاقة والإتصالات
2330.SR,Advanced Petrochemical Co.,الشركة المتقدمة للبتروكيماويات
2340.SR,Al Abdullatif Industrial Investment Co.,شركة العبد اللطيف للاستثمار الصناعي
2350.SR,Saudi Kayan Petrochemical Co.,شركة كيان السعودية للبتروكيماويات
2360.SR,Saudi Vitrified Clay Pipes Co.,الشركة السعودية لإنتاج الأنابيب الفخارية
2370.SR,Middle East Specialized Cables Co.,شركة الشرق الأوسط للكابلات المتخصصة
2380.SR,Rabigh Refining and Petrochemical Co.,شركة رابغ للتكرير والبتروكيماويات
3002.SR,Najran Cement Co.,شركة أسمنت نجران
3003.SR,City Cement Co.,شركة أسمنت المدينة
3004.SR,Northern Region Cement Co.,شركة أسمنت المنطقة الشمالية
3005.SR,Umm Al-Qura Cement Co.,شركة إسمنت أم القرى
3007.SR,Zahrat Al Waha for Trading Co.,شركة زهرة الواحة للتجارة
3008.SR,Al Kathiri Holding Co.,شركة الكثيري القابضة
3010.SR,Arabian Cement Co.,شركة الأسمنت العربية
3020.SR,Yamama Cement Co.,شركة أسمنت اليمامة
3030.SR,Saudi Cement Co.,شركة الأسمنت السعودية
3040.SR,Qassim Cement Co.,شركة أسمنت القصيم
3050.SR,Southern Province Cement Co.,شركة أسمنت المنطقة الجنوبية
3060.SR,Yanbu Cement Co.,شركة أسمنت ينبع
3080.SR,Eastern Province Cement Co.,شركة أسمنت المنطقة الشرقية
3090.SR,Tabuk Cement Co.,شركة أسمنت تبوك
3091.SR,Al Jouf Cement Co.,شركة أسمنت الجوف
4001.SR,Abdullah Al Othaim Markets Co.,شركة أسواق عبدالله العثيم
4002.SR,Mouwasat Medical Services Co.,شركة المواساة للخدمات الطبية
4003.SR,United Electronics Co.,الشركة المتحدة للإلكترونيات
4004.SR,Dallah Healthcare Co.,شركة دله للخدمات الصحية
4005.SR,National Medical Care Co.,الشركة الوطنية للرعاية الطبية
4006.SR,Saudi Marketing Co.,الشركة السعودية للتسويق
4007.SR,Al Hammadi Company for Development and Investment,شركة الحمادي للتنمية والإستثمار
4008.SR,Saudi Company for Hardware,الشركة السعودية للعدد والأدوات
4009.SR,Middle East Healthcare Co.,شركة الشرق الأوسط للرعاية الصحية
4011.SR,Lazurde Company for Jewelry,شركة لازوردي للمجوهرات
4012.SR,Thob Al Aseel Co.,شركة ثوب الأصيل
4020.SR,Saudi Real Estate Co.,الشركة العقارية السعودية
4030.SR,National Shipping Company of Saudi Arabia,الشركة الوطنية السعودية للنقل البحري
4031.SR,Saudi Ground Services Co.,الشركة السعودية للخدمات الأرضية
4040.SR,Saudi Public Transport Co.,الشركة السعودية للنقل الجماعي
4050.SR,Saudi Automotive Services Co.,الشركة السعودية لخدمات السيارات والمعدات
4051.SR,Baazeem Trading Co.,شركة باعظيم التجارية
4061.SR,Anaam International Holding Group,مجموعة أنعام الدولية القابضة
4070.SR,Tihama Advertising and Public Relations Co.,شركة تهامة للإعلان والعلاقات العامة
4080.SR,Sinad Holding Co.,شركة سناد القابضة
4090.SR,Taiba Investments Co.,شركة طيبة للإستثمار
4100.SR,Makkah Construction and Development Co.,شركة مكة للإنشاء والتعمير
4110.SR,Batic Investments and Logistics Co.,شركة باتك للاستثمار والأعمال اللوجستية
4130.SR,Al-Baha Investment and Development Co.,شركة الباحة للإستثمار والتنمية
4140.SR,Saudi Industrial Export Co.,الشركة السعودية للصادرات الصناعية
4150.SR,Arriyadh Development Co.,شركة الرياض للتعمير
4160.SR,Thimar Development Holding Co.,شركة ثمار التنمية القابضة
4170.SR,Tourism Enterprise Co.,شركة المشروعات السياحية
4180.SR,Fitaihi Holding Group,مجموعة فتيحي القابضة
4190.SR,Jarir Marketing Co.,شركة جرير للتسويق
4191.SR,Abdullah Saad Mohammed Abo Moati for Bookstores Co.,شركة عبد الله سعد محمد أبو معطي للمكتبات
4200.SR,Aldrees Petroleum and Transport Services Co.,شركة الدريس للخدمات البترولية والنقليات
4210.SR,Saudi Research and Marketing Group,المجموعة السعودية للأبحاث والتسويق
4220.SR,Emaar The Economic City,إعمار المدينة الاقتصادية
4230.SR,Red Sea International Co.,شركة البحر الأحمر العالمية
4240.SR,Fawaz Abdulaziz Alhokair Co.,شركة فواز عبد العزيز الحكير وشركاه
4250.SR,Jabal Omar Development Co.,شركة جبل عمر للتطوير
4260.SR,United International Transportation Co.,الشركة المتحدة الدولية للمواصلات
4270.SR,Saudi Printing and Packaging Co.,الشركة السعودية للطباعة والتغليف
4280.SR,Kingdom Holding Co.,شركة المملكة القابضة
4290.SR,Alkhaleej Training and Education Co.,شركة الخليج للتدريب والتعليم
4291.SR,National Company for Learning and Education,الشركة الوطنية للتربية والتعليم
4292.SR,Ataa Educational Co.,شركة عطاء التعليمية
4300.SR,Dar Alarkan Real Estate Development Co.,شركة دار الأركان للتطوير العقاري
4310.SR,Knowledge Economic City,مدينة المعرفة الاقتصادية
4320.SR,Alandalus Property Co.,شركة الأندلس العقارية
4321.SR,Arabian Centres Co.,شركة المراكز العربية
4330.SR,Riyad REIT Fund,صندوق الرياض ريت
4331.SR,AlJazira Mawten REIT Fund,صندوق بنك الجزيرة موطن ريت
4332.SR,Jadwa REIT Al Haramain Fund,صندوق جدوى ريت الحرمين
4333.SR,Taleem REIT Fund,صندوق تعليم ريت
4334.SR,AL Maather REIT Fund,صندوق المعذر ريت
4335.SR,Musharaka REIT Fund,صندوق مشاركة ريت
4336.SR,Mulkia Gulf Real Estate REIT,صندوق ملكية عقارات الخليج ريت
4337.SR,Al Mashaar REIT,صندوق المشاعر ريت
4338.SR,AlAhli REIT Fund 1,صندوق الأهلي ريت 1
4339.SR,Derayah REIT Fund,صندوق دراية ريت
4340.SR,Al Rajhi REIT Fund,صندوق الراجحي ريت
4342.SR,Jadwa REIT Saudi Fund,صندوق جدوى ريت السعودية
4344.SR,SEDCO Capital REIT Fund,صندوق سدكو كابيتال ريت
4345.SR,Swicorp Wabel REIT Fund,صندوق سويكورب وابل ريت
4346.SR,MEFIC REIT Fund,صندوق ميفك ريت
4347.SR,Bonyan REIT Fund,صندوق بنيان ريت
4348.SR,Alkhabeer REIT Fund,صندوق الخبير ريت
5110.SR,Saudi Electricity Co.,الشركة السعودية للكهرباء
6001.SR,Halwani Bros. Co.,شركة حلواني إخوان
6002.SR,Herfy Food Services Co.,شركة هرفي للخدمات الغذائية
6004.SR,Saudi Airlines Catering Co.,شركة الخطوط السعودية للتموين
6010.SR,National Agricultural Development Co.,الشركة الوطنية للتنمية الزراعية
6012.SR,Raydan Food Co.,شركة ريدان الغذائية
6020.SR,Al Gassim Investment Holding Co.,شركة القصيم القابضة للاستثمار
6040.SR,Tabuk Agricultural Development Co.,شركة تبوك للتنمية الزراعية
6050.SR,Saudi Fisheries Co.,الشركة السعودية للأسماك
6060.SR,Ash-Sharqiyah Development Co.,شركة الشرقية للتنمية
6070.SR,Al-Jouf Agricultural Development Co.,شركة الجوف الزراعية
6090.SR,Jazan Energy and Development Co.,شركة جازان للطاقة والتنمية
7010.SR,Saudi Telecom Co.,شركة الإتصالات السعودية
7020.SR,Etihad Etisalat Co.,شركة اتحاد إتصالات
7030.SR,Mobile Telecommunication Company Saudi Arabia,شركة الاتصالات المتنقلة السعودية
7040.SR,Etihad Atheeb Telecommunication Co.,شركة اتحاد عذيب للإتصالات
7200.SR,Al Moammar Information Systems Co.,شركة المعمر لأنظمة المعلومات
7201.SR,Arab Sea Information System Co.,شركة بحر العرب لأنظمة المعلومات
8010.SR,The Company for Cooperative Insurance,الشركة التعاونية للتأمين
8012.SR,Aljazira Takaful Taawuni Co.,شركة الجزيرة تكافل تعاوني
8020.SR,Malath Cooperative Insurance Co.,شركة ملاذ للتأمين التعاوني
8030.SR,The Mediterranean and Gulf Insurance and Reinsurance Co.,شركة المتوسط والخليج للتأمين وإعادة التأمين التعاوني
8040.SR,Allianz Saudi Fransi Cooperative Insurance Co.,شركة أليانز السعودي الفرنسي للتأمين التعاوني
8050.SR,Salama Cooperative Insurance Co.,شركة سلامة للتأمين التعاوني
8060.SR,Walaa Cooperative Insurance Co.,شركة ولاء للتأمين التعاوني
8070.SR,Arabian Shield Cooperative Insurance Co.,شركة الدرع العربي للتأمين التعاوني
8100.SR,Saudi Arabian Cooperative Insurance Co.,الشركة العربية السعودية للتأمين التعاوني
8120.SR,Gulf Union Cooperative Insurance Co.,شركة اتحاد الخليج للتأمين التعاوني
8150.SR,Allied Cooperative Insurance Group,المجموعة المتحدة للتأمين التعاوني
8160.SR,Arabia Insurance Cooperative Co.,شركة التأمين العربية التعاونية
8170.SR,Al-Etihad Cooperative Insurance Co.,شركة الاتحاد للتأمين التعاوني
8180.SR,Al Sagr Cooperative Insurance Co.,شركة الصقر للتأمين التعاوني
8190.SR,United Cooperative Assurance Co.,الشركة المتحدة للتأمين التعاوني
8200.SR,Saudi Re for Cooperative Reinsurance Co.,الشركة السعودية لإعادة التأمين التعاوني
8210.SR,Bupa Arabia for Cooperative Insurance Co.,شركة بوبا العربية للتأمين التعاوني
8230.SR,Al-Rajhi Company for Cooperative Insurance,شركة الراجحي للتأمين التعاوني
8240.SR,CHUBB Arabia Cooperative Insurance Co.,شركة تشب العربية للتأمين التعاوني
8250.SR,AXA Cooperative Insurance Co.,شركة أكسا للتأمين التعاوني
8260.SR,Gulf General Cooperative Insurance Co.,الشركة الخليجية العامة للتأمين التعاوني
8280.SR,Al Alamiya for Cooperative Insurance Co.,الشركة العالمية للتأمين التعاوني
8300.SR,Wataniya Insurance Co.,الشركة الوطنية للتأمين
8310.SR,Amana Cooperative Insurance Co.,شركة أمانة للتأمين التعاوني
8311.SR,Saudi Enaya Cooperative Insurance Co.,شركة عناية السعودية للتأمين التعاوني
