ticker,name,sector,first_date,last_date,n_days,short_history,active
1010.SR,Riyad Bank,Financials,2001-12-31,2026-09-22,6404,False,True
1020.SR,Bank Aljazira,Financials,2001-12-31,2026-09-22,6392,False,True
1030.SR,Saudi Investment Bank,Financials,2001-12-31,2026-09-22,6399,False,True
1050.SR,Banque Saudi Fransi,Financials,2001-12-31,2026-09-22,6395,False,True
1060.SR,Saudi British Bank,Financials,2001-12-31,2026-09-22,6377,False,True
1080.SR,Arab National Bank,Financials,2001-12-31,2026-09-22,6382,False,True
1120.SR,Al Rajhi Bank,Financials,2001-12-31,2026-09-22,6403,False,True
1140.SR,Bank Albilad,Financials,2005-04-30,2026-09-22,5406,False,True
1150.SR,Alinma Bank,Financials,2008-06-03,2026-09-22,4578,False,True
1180.SR,National Commercial Bank,Financials,2014-11-12,2026-09-22,2976,False,True
1201.SR,Takween Advanced Industries Co.,Materials,2012-02-07,2026-09-22,3662,False,True
1202.SR,Middle East Paper Co.,Materials,2015-05-03,2026-09-22,2855,False,True
1210.SR,Basic Chemical Industries Co.,Materials,2008-06-16,2026-09-22,4568,False,True
1211.SR,Saudi Arabian Mining Co.,Materials,2008-07-28,2026-09-22,4537,False,True
1212.SR,Astra Industrial Group,Industrials,2008-08-18,2026-09-22,4523,False,True
1213.SR,Al Sorayai Trading and Industrial Group,Consumer Discretionary,2010-02-22,2026-09-22,4149,False,True
1214.SR,Al Hassan Ghazi Ibrahim Shaker Co.,Consumer Discretionary,2010-05-17,2026-09-22,4090,False,True
1301.SR,United Wire Factories Co.,Materials,2011-08-21,2026-09-22,3773,False,True
1302.SR,Bawan Co.,Industrials,2013-12-24,2026-09-22,3196,False,True
1303.SR,Electrical Industries Co.,Industrials,2014-12-07,2026-09-22,2959,False,True
1304.SR,Al Yamamah Steel Industries Co.,Materials,2016-05-22,2026-09-22,2589,False,True
1320.SR,Saudi Steel Pipe Co.,Materials,2009-08-04,2026-09-22,4283,False,True
1810.SR,Seera Group Holding,Consumer Discretionary,2012-06-04,2026-09-22,3579,False,True
1820.SR,Abdulmohsen Alhokair Group for Tourism and Development,Consumer Discretionary,2014-06-26,2026-09-22,3064,False,True
1830.SR,Leejam Sports Co.,Consumer Discretionary,2018-09-10,2026-09-22,2020,False,True
1831.SR,Maharah Human Resources Co.,Industrials,2019-06-18,2026-09-22,1822,False,True
2001.SR,Methanol Chemicals Co.,Materials,2008-09-16,2026-09-22,4502,False,True
2010.SR,Saudi Basic Industries Corp.,Materials,2001-12-31,2026-09-22,6403,False,True
2020.SR,Saudi Arabian Fertilizer Co.,Materials,2001-12-31,2026-09-22,6402,False,True
2030.SR,Saudi Arabia Refineries Co.,Energy,2002-01-23,2026-09-22,6102,False,True
2040.SR,Saudi Ceramic Co.,Industrials,2001-12-31,2026-09-22,6234,False,True
2050.SR,Savola Group,Consumer Staples,2001-12-31,2026-09-22,6403,False,True
2060.SR,National Industrialization Co.,Materials,2001-12-31,2026-09-22,6403,False,True
2070.SR,Saudi Pharmaceutical Industries and Medical Appliances Corp.,Health Care,2001-12-31,2026-09-22,6402,False,True
2080.SR,National Gas and Industrialization Co.,Utilities,2001-12-31,2026-09-22,6404,False,True
2090.SR,National Gypsum Co.,Materials,2001-12-31,2026-09-22,6275,False,True
2100.SR,Wafrah for Industry and Development Co.,Consumer Staples,2001-12-31,2026-09-22,6360,False,True
2110.SR,Saudi Cable Co.,Industrials,2001-12-31,2026-09-22,6395,False,True
2120.SR,Saudi Advanced Industries Co.,Financials,2002-01-01,2026-09-22,6239,False,True
2130.SR,Saudi Industrial Development Co.,Consumer Discretionary,2001-12-31,2026-09-22,6398,False,True
2140.SR,Al-Ahsa Development Co.,Industrials,2001-12-31,2026-09-22,6400,False,True
2150.SR,The National Company for Glass Industries,Materials,2001-12-31,2026-09-22,6155,False,True
2160.SR,Saudi Arabian Amiantit Co.,Industrials,2001-12-31,2026-09-22,6370,False,True
2170.SR,Alujain Holding Corp.,Materials,2001-12-31,2026-09-22,6398,False,True
2180.SR,Filing and Packing Materials Manufacturing Co.,Materials,2002-02-16,2026-09-22,5905,False,True
2190.SR,Saudi Industrial Services Co.,Industrials,2002-02-03,2026-09-22,6148,False,True
2200.SR,Arabian Pipes Co.,Materials,2002-06-05,2026-09-22,5853,False,True
2210.SR,Nama Chemicals Co.,Materials,2001-12-31,2026-09-22,6331,False,True
2220.SR,National Metal Manufacturing and Casting Co.,Materials,2002-01-01,2026-09-22,6160,False,True
2222.SR,Saudi Arabian Oil Co.,Energy,2019-12-11,2026-09-22,1697,False,True
2230.SR,Saudi Chemical Co.,Health Care,2002-05-26,2026-09-22,6185,False,True
2240.SR,Zamil Industrial Investment Co.,Materials,2002-02-13,2026-09-22,6269,False,True
2250.SR,Saudi Industrial Investment Group,Materials,2004-02-15,2026-09-22,5769,False,True
2270.SR,Saudia Dairy and Foodstuff Co.,Consumer Staples,2005-05-23,2026-09-22,5385,False,True
2280.SR,Almarai Co.,Consumer Staples,2005-08-17,2026-09-22,5311,False,True
2290.SR,Yanbu National Petrochemical Co.,Materials,2006-02-20,2026-09-22,5164,False,True
2300.SR,Saudi Paper Manufacturing Co.,Materials,2006-06-14,2026-09-22,5071,False,True
2310.SR,Sahara International Petrochemical Co.,Materials,2006-11-11,2026-09-22,4970,False,True
2320.SR,Al-Babtain Power and Telecommunication Co.,Industrials,2006-12-12,2026-09-22,4947,False,True
2330.SR,Advanced Petrochemical Co.,Materials,2007-01-20,2026-09-22,4926,False,True
2340.SR,Al Abdullatif Industrial Investment Co.,Consumer Discretionary,2007-02-03,2026-09-22,4915,False,True
2350.SR,Saudi Kayan Petrochemical Co.,Materials,2007-06-23,2026-09-22,4815,False,True
2360.SR,Saudi Vitrified Clay Pipes Co.,Industrials,2007-05-26,2026-09-22,4835,False,True
2370.SR,Middle East Specialized Cables Co.,Industrials,2007-12-08,2026-09-22,4701,False,True
2380.SR,Rabigh Refining and Petrochemical Co.,Energy,2008-01-27,2026-09-22,4669,False,True
3002.SR,Najran Cement Co.,Materials,2012-05-12,2026-09-22,3595,False,True
3003.SR,City Cement Co.,Materials,2012-10-13,2026-09-22,3491,False,True
3004.SR,Northern Region Cement Co.,Materials,2013-02-05,2026-09-22,3413,False,True
3005.SR,Umm Al-Qura Cement Co.,Materials,2014-06-12,2026-09-22,3074,False,True
3007.SR,Zahrat Al Waha for Trading Co.,Materials,2017-09-17,2026-09-22,2266,False,True
3008.SR,Al Kathiri Holding Co.,Materials,2017-07-09,2026-09-22,2300,False,True
3010.SR,Arabian Cement Co.,Materials,2001-12-31,2026-09-22,6394,False,True
3020.SR,Yamama Cement Co.,Materials,2001-12-31,2026-09-22,6376,False,True
3030.SR,Saudi Cement Co.,Materials,2001-12-31,2026-09-22,6401,False,True
3040.SR,Qassim Cement Co.,Materials,2001-12-31,2026-09-22,6345,False,True
3050.SR,Southern Province Cement Co.,Materials,2001-12-31,2026-09-22,6387,False,True
3060.SR,Yanbu Cement Co.,Materials,2001-12-31,2026-09-22,6400,False,True
3080.SR,Eastern Province Cement Co.,Materials,2001-12-31,2026-09-22,6394,False,True
3090.SR,Tabuk Cement Co.,Materials,2001-12-31,2026-09-22,6401,False,True
3091.SR,Al Jouf Cement Co.,Materials,2010-08-11,2026-09-22,4027,False,True
4001.SR,Abdullah Al Othaim Markets Co.,Consumer Staples,2008-07-14,2026-09-22,4548,False,True
4002.SR,Mouwasat Medical Services Co.,Health Care,2009-09-02,2026-09-22,4261,False,True
4003.SR,United Electronics Co.,Consumer Discretionary,2011-12-24,2026-09-22,3695,False,True
4004.SR,Dallah Healthcare Co.,Health Care,2012-12-17,2026-09-22,3450,False,True
4005.SR,National Medical Care Co.,Health Care,2013-03-13,2026-09-22,3387,False,True
4006.SR,Saudi Marketing Co.,Consumer Staples,2014-02-16,2026-09-22,3158,False,True
4007.SR,Al Hammadi Company for Development and Investment,Health Care,2014-07-15,2026-09-22,3051,False,True
4008.SR,Saudi Company for Hardware,Consumer Discretionary,2015-05-12,2026-09-22,2848,False,True
4009.SR,Middle East Healthcare Co.,Health Care,2016-03-29,2026-09-22,2627,False,True
4011.SR,Lazurde Company for Jewelry,Consumer Discretionary,2016-06-29,2026-09-22,2561,False,True
4012.SR,Thob Al Aseel Co.,Consumer Discretionary,2017-06-15,2026-09-22,2311,False,True
4020.SR,Saudi Real Estate Co.,Real Estate,2001-12-31,2026-09-22,6401,False,True
4030.SR,National Shipping Company of Saudi Arabia,Energy,2001-12-31,2026-09-22,6400,False,True
4031.SR,Saudi Ground Services Co.,Industrials,2015-06-25,2026-09-22,2816,False,True
4040.SR,Saudi Public Transport Co.,Industrials,2001-12-31,2026-09-22,6403,False,True
4050.SR,Saudi Automotive Services Co.,Consumer Discretionary,2001-12-31,2026-09-22,6404,False,True
4051.SR,Baazeem Trading Co.,Consumer Discretionary,2017-02-26,2026-09-22,2391,False,True
4061.SR,Anaam International Holding Group,Consumer Staples,2001-12-31,2026-09-22,5875,False,True
4070.SR,Tihama Advertising and Public Relations Co.,Communication Services,2001-12-31,2026-09-22,6340,False,True
4080.SR,"Aseer Trading, Tourism and Manufacturing Co.",Financials,2002-01-06,2026-09-22,6357,False,True
4090.SR,Taiba Investments Co.,Real Estate,2001-12-31,2026-09-22,6403,False,True
4100.SR,Makkah Construction and Development Co.,Real Estate,2001-12-31,2026-09-22,6403,False,True
4110.SR,Batic Investments and Logistics Co.,Industrials,2001-12-31,2026-09-22,6403,False,True
4130.SR,Al-Baha Investment and Development Co.,Financials,2001-12-31,2026-09-22,6051,False,True
4140.SR,Saudi Industrial Export Co.,Industrials,2001-12-31,2026-09-22,6361,False,True
4150.SR,Arriyadh Development Co.,Real Estate,2001-12-31,2026-09-22,6404,False,True
4160.SR,National Agricultural Marketing Co.,Consumer Staples,2002-02-27,2026-09-22,5853,False,True
4170.SR,Tourism Enterprise Co.,Consumer Discretionary,2002-01-05,2026-09-22,6321,False,True
4180.SR,Fitaihi Holding Group,Consumer Discretionary,2002-01-26,2026-09-22,5864,False,True
4190.SR,Jarir Marketing Co.,Consumer Discretionary,2003-12-16,2026-09-22,5813,False,True
4191.SR,Abdullah Saad Mohammed Abo Moati for Bookstores Co.,Consumer Discretionary,2017-02-26,2026-09-22,2391,False,True
4200.SR,Aldrees Petroleum and Transport Services Co.,Energy,2006-03-14,2026-09-22,5146,False,True
4210.SR,Saudi Research and Marketing Group,Communication Services,2006-05-15,2026-09-22,5096,False,True
4220.SR,Emaar The Economic City,Real Estate,2006-10-07,2026-09-22,4991,False,True
4230.SR,Red Sea International Co.,Real Estate,2006-11-04,2026-09-22,4975,False,True
4240.SR,Fawaz Abdulaziz Alhokair Co.,Consumer Discretionary,2006-12-23,2026-09-22,4940,False,True
4250.SR,Jabal Omar Development Co.,Real Estate,2007-12-01,2026-09-22,4706,False,True
4260.SR,United International Transportation Co.,Industrials,2007-09-01,2026-09-22,4766,False,True
4270.SR,Saudi Printing and Packaging Co.,Industrials,2007-07-15,2026-09-22,4799,False,True
4280.SR,Kingdom Holding Co.,Financials,2007-07-29,2026-09-22,4789,False,True
4290.SR,Alkhaleej Training and Education Co.,Consumer Discretionary,2007-12-10,2026-09-22,4699,False,True
4291.SR,National Company for Learning and Education,Consumer Discretionary,2018-11-18,2026-09-22,1973,False,True
4292.SR,Ataa Educational Co.,Consumer Discretionary,2019-07-31,2026-09-22,1790,False,True
4300.SR,Dar Alarkan Real Estate Development Co.,Real Estate,2007-12-29,2026-09-22,4690,False,True
4310.SR,Knowledge Economic City,Real Estate,2010-08-09,2026-09-22,4029,False,True
4320.SR,Alandalus Property Co.,Real Estate,2016-01-12,2026-09-22,2682,False,True
4321.SR,Arabian Centres Co.,Real Estate,2019-05-22,2026-09-22,1840,False,True
4330.SR,Riyad REIT Fund,Real Estate,2016-11-13,2026-09-22,2475,False,True
4331.SR,AlJazira Mawten REIT Fund,Real Estate,2017-02-15,2026-09-22,2407,False,True
4332.SR,Jadwa REIT Al Haramain Fund,Real Estate,2017-04-30,2026-09-22,1957,False,True
4333.SR,Taleem REIT Fund,Real Estate,2017-05-30,2026-09-22,1392,False,True
4334.SR,AL Maather REIT Fund,Real Estate,2017-08-22,2026-09-22,2278,False,True
4335.SR,Musharaka REIT Fund,Real Estate,2017-10-01,2026-09-22,2256,False,True
4336.SR,Mulkia Gulf Real Estate REIT,Real Estate,2017-11-05,2026-09-22,2231,False,True
4337.SR,Al Mashaar REIT,Real Estate,2018-01-18,2026-09-22,1178,False,True
4338.SR,AlAhli REIT Fund 1,Real Estate,2018-01-08,2026-09-22,2185,False,True
4339.SR,Derayah REIT Fund,Real Estate,2018-03-26,2026-09-22,2130,False,True
4340.SR,Al Rajhi REIT Fund,Real Estate,2018-03-20,2026-09-22,2134,False,True
4342.SR,Jadwa REIT Saudi Fund,Real Estate,2018-02-11,2026-09-22,2161,False,True
4344.SR,SEDCO Capital REIT Fund,Real Estate,2018-05-01,2026-09-22,2104,False,True
4345.SR,Swicorp Wabel REIT Fund,Real Estate,2018-08-06,2026-09-22,2040,False,True
4346.SR,MEFIC REIT Fund,Real Estate,2018-11-13,2026-09-22,1578,False,True
4347.SR,Bonyan REIT Fund,Real Estate,2018-07-25,2026-09-22,2048,False,True
4348.SR,Alkhabeer REIT Fund,Real Estate,2019-03-20,2026-09-22,1487,False,True
5110.SR,Saudi Electricity Co.,Utilities,2002-06-08,2026-09-22,6271,False,True
6001.SR,Halwani Bros. Co.,Consumer Staples,2008-07-16,2026-09-22,4546,False,True
6002.SR,Herfy Food Services Co.,Consumer Discretionary,2010-02-02,2026-09-22,4163,False,True
6004.SR,Saudi Airlines Catering Co.,Industrials,2012-07-09,2026-09-22,3553,False,True
6010.SR,National Agricultural Development Co.,Consumer Staples,2001-12-31,2026-09-22,6352,False,True
6012.SR,Raydan Food Co.,Consumer Discretionary,2017-02-26,2026-09-22,2391,False,True
6020.SR,Al Gassim Investment Holding Co.,Consumer Staples,2002-01-01,2026-09-22,6380,False,True
6040.SR,Tabuk Agricultural Development Co.,Consumer Staples,2002-01-01,2026-09-22,6361,False,True
6050.SR,Saudi Fisheries Co.,Consumer Staples,2001-12-31,2026-09-22,6223,False,True
6060.SR,Ash-Sharqiyah Development Co.,Consumer Staples,2002-01-05,2026-09-22,6328,False,True
6070.SR,Al-Jouf Agricultural Development Co.,Consumer Staples,2001-12-31,2026-09-22,6316,False,True
6090.SR,Jazan Energy and Development Co.,Consumer Staples,2001-12-31,2026-09-22,6388,False,True
7010.SR,Saudi Telecom Co.,Communication Services,2003-01-25,2026-09-22,6077,False,True
7020.SR,Etihad Etisalat Co.,Communication Services,2004-12-20,2026-09-22,5509,False,True
7030.SR,Mobile Telecommunication Company Saudi Arabia,Communication Services,2008-03-22,2026-09-22,4630,False,True
7040.SR,Etihad Atheeb Telecommunication Co.,Communication Services,2009-03-21,2026-09-22,4176,False,True
7200.SR,Al Moammar Information Systems Co.,Information Technology,2019-04-24,2026-09-22,1860,False,True
7201.SR,Arab Sea Information System Co.,Information Technology,2017-02-26,2026-09-22,2361,False,True
8010.SR,The Company for Cooperative Insurance,Financials,2005-01-17,2026-09-22,5486,False,True
8012.SR,Aljazira Takaful Taawuni Co.,Financials,2013-07-21,2026-09-22,3296,False,True
8020.SR,Malath Cooperative Insurance Co.,Financials,2007-05-05,2026-09-22,4850,False,True
8030.SR,The Mediterranean and Gulf Insurance and Reinsurance Co.,Financials,2007-05-07,2026-09-22,4847,False,True
8040.SR,Allianz Saudi Fransi Cooperative Insurance Co.,Financials,2007-07-23,2026-09-22,4793,False,True
8050.SR,Salama Cooperative Insurance Co.,Financials,2007-06-18,2026-09-22,4818,False,True
8060.SR,Walaa Cooperative Insurance Co.,Financials,2007-07-17,2026-09-22,4797,False,True
8070.SR,Arabian Shield Cooperative Insurance Co.,Financials,2007-06-26,2026-09-22,4812,False,True
8100.SR,Saudi Arabian Cooperative Insurance Co.,Financials,2007-09-03,2026-09-22,4763,False,True
8120.SR,Gulf Union Cooperative Insurance Co.,Financials,2007-09-11,2026-09-22,4757,False,True
8150.SR,Allied Cooperative Insurance Group,Financials,2007-08-27,2026-09-22,4734,False,True
8160.SR,Arabia Insurance Cooperative Co.,Financials,2008-02-04,2026-09-22,4663,False,True
8170.SR,Al-Etihad Cooperative Insurance Co.,Financials,2008-02-09,2026-09-22,4661,False,True
8180.SR,Al Sagr Cooperative Insurance Co.,Financials,2008-02-10,2026-09-22,4659,False,True
8190.SR,United Cooperative Assurance Co.,Financials,2008-06-21,2026-09-22,4560,False,True
8200.SR,Saudi Re for Cooperative Reinsurance Co.,Financials,2008-05-24,2026-09-22,4586,False,True
8210.SR,Bupa Arabia for Cooperative Insurance Co.,Financials,2008-05-17,2026-09-22,4590,False,True
8230.SR,Al-Rajhi Company for Cooperative Insurance,Financials,2009-07-13,2026-09-22,4300,False,True
8240.SR,CHUBB Arabia Cooperative Insurance Co.,Financials,2009-07-29,2026-09-22,4288,False,True
8250.SR,AXA Cooperative Insurance Co.,Financials,2009-07-27,2026-09-22,4289,False,True
8260.SR,Gulf General Cooperative Insurance Co.,Financials,2010-02-08,2026-09-22,4159,False,True
8280.SR,Al Alamiya for Cooperative Insurance Co.,Financials,2009-12-08,2026-09-22,4203,False,True
8300.SR,Wataniya Insurance Co.,Financials,2010-06-06,2026-09-22,4075,False,True
8310.SR,Amana Cooperative Insurance Co.,Financials,2010-06-13,2026-09-22,4070,False,True
8311.SR,Saudi Enaya Cooperative Insurance Co.,Financials,2012-02-27,2026-09-22,3648,False,True
